{
	"x":[
		0.0,
		0.1,
		0.2,
		0.30000000000000004,
		0.4,
		0.5,
		0.6000000000000001,
		0.7000000000000001,
		0.8,
		0.9,
		1.0,
		1.1,
		1.2000000000000002,
		1.3,
		1.4000000000000001,
		1.5,
		1.6,
		1.7000000000000002,
		1.8,
		1.9000000000000001,
		2.0,
		2.1,
		2.2,
		2.3000000000000003,
		2.4000000000000004,
		2.5,
		2.6,
		2.7,
		2.8000000000000003,
		2.9000000000000004,
		3.0,
		3.1,
		3.2,
		3.3000000000000003,
		3.4000000000000004,
		3.5,
		3.6,
		3.7,
		3.8000000000000003,
		3.9000000000000004,
		4.0,
		4.1000000000000005,
		4.2,
		4.3,
		4.4,
		4.5,
		4.6000000000000005,
		4.7,
		4.800000000000001,
		4.9,
		5.0,
		5.1000000000000005,
		5.2,
		5.300000000000001,
		5.4,
		5.5,
		5.6000000000000005,
		5.7,
		5.800000000000001,
		5.9,
		6.0,
		6.1000000000000005,
		6.2,
		6.300000000000001,
		6.4,
		6.5,
		6.6000000000000005,
		6.7,
		6.800000000000001,
		6.9,
		7.0,
		7.1000000000000005,
		7.2,
		7.300000000000001,
		7.4,
		7.5,
		7.6000000000000005,
		7.7,
		7.800000000000001,
		7.9,
		8.0,
		8.1,
		8.200000000000001,
		8.3,
		8.4,
		8.5,
		8.6,
		8.700000000000001,
		8.8,
		8.9,
		9.0,
		9.1,
		9.200000000000001,
		9.3,
		9.4,
		9.5,
		9.600000000000001,
		9.700000000000001,
		9.8,
		9.9,
		1.0e1,
		1.0100000000000001e1,
		1.0200000000000001e1,
		1.03e1,
		1.04e1,
		1.05e1,
		1.0600000000000001e1,
		1.0700000000000001e1,
		1.08e1,
		1.09e1,
		1.1e1,
		1.1100000000000001e1,
		1.1200000000000001e1,
		1.13e1,
		1.14e1,
		1.15e1,
		1.1600000000000001e1,
		1.1700000000000001e1,
		1.18e1,
		1.19e1,
		1.2e1,
		1.2100000000000001e1,
		1.2200000000000001e1,
		1.23e1,
		1.24e1,
		1.25e1,
		1.2600000000000001e1,
		1.2700000000000001e1,
		1.28e1,
		1.29e1,
		1.3e1,
		1.3100000000000001e1,
		1.3200000000000001e1,
		1.33e1,
		1.34e1,
		1.35e1,
		1.3600000000000001e1,
		1.3700000000000001e1,
		1.38e1,
		1.39e1,
		1.4e1,
		1.4100000000000001e1,
		1.4200000000000001e1,
		1.43e1,
		1.44e1,
		1.45e1,
		1.4600000000000001e1,
		1.4700000000000001e1,
		1.48e1,
		1.49e1,
		1.5e1,
		1.5100000000000001e1,
		1.5200000000000001e1,
		1.53e1,
		1.54e1,
		1.55e1,
		1.5600000000000001e1,
		1.5700000000000001e1,
		1.58e1,
		1.59e1,
		1.6e1,
		1.61e1,
		1.62e1,
		1.63e1,
		1.6400000000000002e1,
		1.65e1,
		1.66e1,
		1.67e1,
		1.68e1,
		1.6900000000000002e1,
		1.7e1
	],
	"y0":[
		0.994,
		0.9181576834361426,
		0.8584812715786081,
		0.8027857636235658,
		0.7478748672577215,
		0.6917849608752902,
		0.6325756721490419,
		0.5679221516953888,
		0.49500029276218305,
		0.41080799619333275,
		0.31328459555555416,
		0.20321833487385388,
		8.55051628937364e-2,
		-3.233722469837512e-2,
		-0.1435791130971706,
		-0.24432943773547985,
		-0.33327820326888374,
		-0.41057076073173426,
		-0.47691458570830925,
		-0.5331120141046796,
		-0.5798767232433759,
		-0.617790349262709,
		-0.647316452427256,
		-0.668832706902527,
		-0.682664920422217,
		-0.6891168854693737,
		-0.6884944535881053,
		-0.6811239261759887,
		-0.6673654163165861,
		-0.6476219453705054,
		-0.622344979632263,
		-0.5920370121967197,
		-0.5572517030414199,
		-0.5185920001387613,
		-0.4767066089601072,
		-0.4322851295590579,
		-0.38605214229426205,
		-0.33876051282188413,
		-0.29118415632142225,
		-0.24411050148508198,
		-0.1983328832342028,
		-0.15464308760456427,
		-0.11382426199790478,
		-7.664439271333955e-2,
		-4.385052850258322e-2,
		-1.6163869936956933e-2,
		5.72422714697648e-3,
		2.1155476181268396e-2,
		2.950754837501744e-2,
		3.01976423621067e-2,
		2.2688783579903678e-2,
		6.502754591876273e-3,
		-1.875322627993264e-2,
		-5.3333671214572886e-2,
		-9.72557762673045e-2,
		-0.1501263743045347,
		-0.21087068370068054,
		-0.2773860859772118,
		-0.3462889377091659,
		-0.413146945539723,
		-0.47357431075792616,
		-0.5248429340231713,
		-0.5667988198026744,
		-0.6013691301018571,
		-0.6313200756425643,
		-0.6592474124074847,
		-0.6871221232143815,
		-0.7162268215846751,
		-0.7472585078167927,
		-0.7804672519898189,
		-0.815779827905202,
		-0.852896423119756,
		-0.8913627570899485,
		-0.9306233223807627,
		-0.970061094468908,
		-1.0090277933840681,
		-1.0468675687332811,
		-1.0829360403187631,
		-1.1166159650988896,
		-1.147330347079051,
		-1.1745535070374156,
		-1.197820435654426,
		-1.216734614974982,
		-1.2309744232186404,
		-1.240298182198066,
		-1.2445478694056755,
		-1.243651521527576,
		-1.237624314530144,
		-1.2265683338749607,
		-1.2106710427345169,
		-1.1902024111304954,
		-1.165510756740289,
		-1.137017216118703,
		-1.105208864767004,
		-1.0706303745829133,
		-1.033874091791676,
		-0.9955683029838911,
		-0.956363306004917,
		-0.9169146820998757,
		-0.8778628125068244,
		-0.8398071664836867,
		-0.803273135240182,
		-0.7686681476983096,
		-0.7362225223992819,
		-0.7059093949637585,
		-0.6773385167711642,
		-0.6496247518449909,
		-0.6212529948916401,
		-0.5900132155522957,
		-0.5531715122917065,
		-0.5081127748652602,
		-0.4535065600696667,
		-0.3904163766357299,
		-0.3223143103396904,
		-0.2537788782324522,
		-0.18895445551549953,
		-0.13077026761612162,
		-8.093195020398869e-2,
		-4.024018804935127e-2,
		-8.919933114730483e-3,
		1.3143772669844692e-2,
		2.6261895344344435e-2,
		3.086125654591237e-2,
		2.7442638671136176e-2,
		1.6559974537768838e-2,
		-1.1896691771259727e-3,
		-2.5171116364364126e-2,
		-5.471424745997329e-2,
		-8.911692598064626e-2,
		-0.12764846098722119,
		-0.16955391828548194,
		-0.21405934111573152,
		-0.2603778047785826,
		-0.30771615727186835,
		-0.3552822600604442,
		-0.4022925207878119,
		-0.44797950217330795,
		-0.49159937835007717,
		-0.5324390121127951,
		-0.56982240434485,
		-0.6031162754477593,
		-0.631734499380215,
		-0.6551410943543166,
		-0.6728514467602869,
		-0.6844313729447052,
		-0.6894935724688477,
		-0.6876909259908925,
		-0.6787060013780872,
		-0.6622360275324434,
		-0.6379725871870099,
		-0.6055754904380267,
		-0.5646411475744829,
		-0.5146681481887352,
		-0.4550287355084982,
		-0.38496864589097207,
		-0.3036868753761677,
		-0.2105987575970463,
		-0.10594131778554344,
		8.195349167635466e-3,
		0.12686532112234852,
		0.24270443747829493,
		0.3487519672696509,
		0.44153914034726843,
		0.5214947911081055,
		0.5911951954582829,
		0.6536590715412823,
		0.7115444428247605,
		0.7670149514653503,
		0.8219542081652146,
		0.8785276377334384,
		0.941299293720175
	],