{"t":0.1,"xx":[[0,0,0,0,0,0,0,0,0],[0.125,0.125,0.125,0.125,0.125,0.125,0.125,0.125,0.125],[0.25,0.25,0.25,0.25,0.25,0.25,0.25,0.25,0.25],[0.375,0.375,0.375,0.375,0.375,0.375,0.375,0.375,0.375],[0.5,0.5,0.5,0.5,0.5,0.5,0.5,0.5,0.5],[0.625,0.625,0.625,0.625,0.625,0.625,0.625,0.625,0.625],[0.75,0.75,0.75,0.75,0.75,0.75,0.75,0.75,0.75],[0.875,0.875,0.875,0.875,0.875,0.875,0.875,0.875,0.875],[1,1,1,1,1,1,1,1,1]],"yy":[[0,0.125,0.25,0.375,0.5,0.625,0.75,0.875,1],[0,0.125,0.25,0.375,0.5,0.625,0.75,0.875,1],[0,0.125,0.25,0.375,0.5,0.625,0.75,0.875,1],[0,0.125,0.25,0.375,0.5,0.625,0.75,0.875,1],[0,0.125,0.25,0.375,0.5,0.625,0.75,0.875,1],[0,0.125,0.25,0.375,0.5,0.625,0.75,0.875,1],[0,0.125,0.25,0.375,0.5,0.625,0.75,0.875,1],[0,0.125,0.25,0.375,0.5,0.625,0.75,0.875,1],[0,0.125,0.25,0.375,0.5,0.625,0.75,0.875,1]],"uu":[[0.4147429670120803,0.5154781016983769,0.609643470239972,0.7067109277209517,0.8066627656727468,0.9095931660491405,1.0155768266910354,1.1246268146953706,1.2397984122328536],[0.424123330923627,0.5283394157837595,0.6281773881906506,0.7321054572384156,0.8401834221194991,0.952558959702324,1.069346371149178,1.190633480713555,1.3156260708088425],[0.4375560449066228,0.5469242440890613,0.6552810370822902,0.7696879945039151,0.8903839452384346,1.0176594647065627,1.1517454900049575,1.2928961251065896,1.4339830403184755],[0.45180761057764285,0.5668712334792678,0.684822570254176,0.811293836463807,0.9468330266978416,1.0920042162040027,1.2472768321726442,1.4131938952229564,1.5745972427348456],[0.46700727853311086,0.5884088384575757,0.7172529433381397,0.8577503892460809,1.0109573990395404,1.1779217395099326,1.359555059566776,1.5568901045157153,1.7444054989185103],[0.48325099029472646,0.6117319643246558,0.7530090818483917,0.9099361880450829,1.0843815814714743,1.2782139413207796,1.4931252928214553,1.7309623372951637,1.9525979615104754],[0.5006476205315618,0.6370677978919258,0.7926181602902389,0.9689485303040676,1.1692043052484815,1.3966170737755972,1.6542187138979807,1.9451831993865663,2.2121733633197005],[0.5193983190313677,0.6647998531096208,0.8369161510714372,1.0364831625395157,1.268653737295664,1.5389157800360744,1.8525833772333038,2.2149541964142903,2.543619306976578],[0.5340079836064026,0.6866940627671072,0.8725454009916501,1.0919072012137754,1.3520318488392487,1.6608611467556094,2.0262369138847567,2.455661668090854,2.842640680017994]],"vv":[[1.1365272175679564,1.1528496214795785,1.172749766506843,1.189632220907224,1.2034725835331916,1.2141742755873628,1.221661042806851,1.2258753330822656,1.226987751103485],[1.7516242330241072,1.7642709245334125,1.7781818923911556,1.7878243707995303,1.7930935073431902,1.7938374670724344,1.7899391387932637,1.7812627446181897,1.7720347874789326],[2.3624523686325727,2.369665420063336,2.3745955198788526,2.3731990093751096,2.3651855256035925,2.350255580982738,2.3281715555207354,2.298624267794637,2.27249542398096],[2.9724329344840235,2.9736499558636327,2.9684859234085064,2.9544102950188136,2.9308130183647267,2.897112312234164,2.8528243371170063,2.7973396876413004,2.749947489903748],[3.5814319287298413,3.575988227650013,3.5593877126522027,3.5306057784134732,3.4885079166857786,3.43201390038662,3.3601840386504978,3.2719015491331715,3.197269167744704],[4.189350963782663,4.176480388707492,4.146853011153152,4.100885219746822,4.036606153883575,3.952091119487119,3.8455974008752714,3.7151670018460594,3.6050525785460934],[4.796078469174918,4.774893685348932,4.730341956005237,4.664125455069353,4.5729605417443,4.453523011901462,4.302693832046717,4.117145944817674,3.9600091462558034],[5.401406664087652,5.37083294266244,5.308995296880633,5.218586845870954,5.094264208326803,4.930390388890765,4.721505987152471,4.462096143358676,4.241198325672104],[6.011096870852743,5.972920102047959,5.896776301853612,5.78580078505465,5.632499068759188,5.428722363042341,5.166422451193485,4.837814206443299,4.556760930952168]]}
